res atoms,target atoms,assignment time (ms)
4,4,0.013554
9,4,0.014722
9,9,0.014302
16,4,0.012931
16,9,0.013916
16,16,0.016241
25,4,0.011770
25,9,0.013821
25,16,0.015267
25,25,0.026581
36,4,0.012734
36,9,0.015810
36,16,0.017559
36,25,0.023924
36,36,0.029432
49,4,0.012399
49,9,0.015230
49,16,0.030651
49,25,0.037877
49,36,0.044377
49,49,0.069352
64,4,0.075984
64,9,0.027579
64,16,0.030591
64,25,0.041645
64,36,0.043880
64,49,0.067628
64,64,0.075600
81,4,0.024351
81,9,0.026324
81,16,0.028504
81,25,0.037657
81,36,0.044038
81,49,0.068018
81,64,0.076817
81,81,0.141292
100,4,0.025580
100,9,0.027132
100,16,0.029707
100,25,0.037922
100,36,0.042693
100,49,0.068089
100,64,0.077468
100,81,0.141982
100,100,0.153108
121,4,0.024639
121,9,0.027404
121,16,0.028176
121,25,0.041156
121,36,0.042577
121,49,0.070274
121,64,0.079697
121,81,0.142279
121,100,0.154668
121,121,0.297508
144,4,0.026443
144,9,0.028229
144,16,0.031186
144,25,0.041281
144,36,0.046102
144,49,0.070564
144,64,0.079755
144,81,0.147180
144,100,0.166259
144,121,0.285074
144,144,0.292407
169,4,0.024585
169,9,0.028190
169,16,0.029212
169,25,0.038598
169,36,0.043235
169,49,0.068672
169,64,0.075901
169,81,0.144883
169,100,0.155557
169,121,0.282812
169,144,0.295941
169,169,0.533762
196,4,0.023871
196,9,0.026826
196,16,0.028584
196,25,0.037970
196,36,0.045291
196,49,0.067598
196,64,0.078134
196,81,0.148949
196,100,0.156189
196,121,0.284059
196,144,0.296599
196,169,0.544553
196,196,0.558362
225,4,0.024652
225,9,0.031379
225,16,0.029864
225,25,0.034377
225,36,0.025566
225,49,0.044921
225,64,0.050102
225,81,0.095736
225,100,0.101728
225,121,0.191841
225,144,0.198925
225,169,0.378441
225,196,0.374194
225,225,0.668286
256,4,0.012168
256,9,0.014011
256,16,0.015686
256,25,0.022892
256,36,0.026256
256,49,0.044547
256,64,0.051304
256,81,0.097279
256,100,0.103380
256,121,0.194524
256,144,0.204375
256,169,0.373422
256,196,0.367159
256,225,0.664119
256,256,0.645114
289,4,0.011358
289,9,0.013729
289,16,0.014433
289,25,0.022481
289,36,0.025757
289,49,0.044371
289,64,0.051354
289,81,0.099343
289,100,0.104151
289,121,0.193240
289,144,0.196046
289,169,0.367704
289,196,0.361396
289,225,0.654824
289,256,0.642443
289,289,1.149981
324,4,0.011970
324,9,0.013253
324,16,0.014720
324,25,0.022028
324,36,0.025421
324,49,0.043393
324,64,0.050513
324,81,0.096527
324,100,0.102604
324,121,0.197468
324,144,0.193915
324,169,0.366823
324,196,0.360941
324,225,0.673934
324,256,0.648483
324,289,1.150938
324,324,1.173032
361,4,0.010962
361,9,0.013558
361,16,0.014631
361,25,0.022233
361,36,0.026670
361,49,0.045189
361,64,0.050152
361,81,0.095171
361,100,0.104144
361,121,0.193416
361,144,0.198081
361,169,0.378943
361,196,0.362424
361,225,0.656575
361,256,0.642273
361,289,1.132130
361,324,1.152418
361,361,1.930010
400,4,0.010370
400,9,0.012442
400,16,0.014510
400,25,0.021757
400,36,0.024002
400,49,0.043532
400,64,0.048136
400,81,0.093897
400,100,0.102184
400,121,0.192525
400,144,0.194880
400,169,0.367663
400,196,0.356740
400,225,0.662659
400,256,0.651127
400,289,1.127459
400,324,1.152284
400,361,1.896488
400,400,1.926642
441,4,0.010642
441,9,0.013277
441,16,0.014840
441,25,0.022503
441,36,0.026191
441,49,0.043932
441,64,0.049178
441,81,0.095307
441,100,0.103054
441,121,0.189220
441,144,0.193011
441,169,0.367484
441,196,0.360727
441,225,0.664710
441,256,0.641826
441,289,1.131514
441,324,1.142092
441,361,1.962558
441,400,1.916294
441,441,3.046741
484,4,0.011860
484,9,0.012663
484,16,0.016184
484,25,0.022114
484,36,0.025877
484,49,0.044058
484,64,0.050432
484,81,0.097176
484,100,0.102065
484,121,0.190630
484,144,0.198747
484,169,0.370536
484,196,0.366549
484,225,0.669378
484,256,0.653984
484,289,1.154926
484,324,1.154582
484,361,1.949603
484,400,1.910970
484,441,3.054309
484,484,3.075659
529,4,0.010938
529,9,0.013338
529,16,0.014702
529,25,0.021524
529,36,0.025907
529,49,0.044052
529,64,0.048129
529,81,0.096911
529,100,0.103609
529,121,0.192874
529,144,0.197967
529,169,0.363440
529,196,0.362079
529,225,0.666014
529,256,0.660563
529,289,1.127153
529,324,1.131205
529,361,1.919853
529,400,1.940119
529,441,3.068752
529,484,3.131340
529,529,4.759353
576,4,0.011341
576,9,0.013345
576,16,0.016240
576,25,0.021924
576,36,0.026095
576,49,0.044634
576,64,0.049474
576,81,0.095470
576,100,0.104657
576,121,0.191646
576,144,0.199122
576,169,0.369549
576,196,0.363609
576,225,0.677210
576,256,0.664277
576,289,1.147707
576,324,1.163536
576,361,1.975102
576,400,1.963371
576,441,3.059941
576,484,3.120961
576,529,4.756149
576,576,4.839241
625,4,0.010885
625,9,0.014191
625,16,0.016003
625,25,0.022044
625,36,0.025330
625,49,0.044653
625,64,0.050567
625,81,0.098704
625,100,0.102795
625,121,0.197455
625,144,0.198763
625,169,0.374618
625,196,0.363501
625,225,0.674934
625,256,0.657432
625,289,1.154015
625,324,1.168165
625,361,1.948205
625,400,1.932648
625,441,3.038328
625,484,3.062609
625,529,4.678050
625,576,4.924530
625,625,7.249256
676,4,0.010847
676,9,0.012590
676,16,0.014622
676,25,0.022711
676,36,0.025166
676,49,0.044960
676,64,0.049363
676,81,0.099246
676,100,0.103020
676,121,0.195853
676,144,0.198581
676,169,0.364944
676,196,0.364812
676,225,0.668380
676,256,0.643618
676,289,1.127367
676,324,1.163838
676,361,1.935926
676,400,1.920932
676,441,3.042177
676,484,3.115494
676,529,4.777799
676,576,4.902440
676,625,7.112285
676,676,7.500348
729,4,0.011416
729,9,0.013371
729,16,0.015736
729,25,0.022211
729,36,0.026945
729,49,0.044590
729,64,0.050221
729,81,0.096460
729,100,0.102283
729,121,0.195350
729,144,0.194952
729,169,0.368255
729,196,0.368963
729,225,0.664811
729,256,0.655916
729,289,1.150321
729,324,1.150713
729,361,1.938199
729,400,1.941969
729,441,2.994047
729,484,3.069874
729,529,4.744338
729,576,4.845145
729,625,7.122064
729,676,7.421385
729,729,10.816071
784,4,0.010203
784,9,0.012351
784,16,0.014385
784,25,0.021023
784,36,0.024687
784,49,0.043822
784,64,0.049930
784,81,0.094833
784,100,0.100489
784,121,0.191661
784,144,0.199807
784,169,0.370469
784,196,0.365806
784,225,0.659856
784,256,0.663676
784,289,1.141793
784,324,1.153487
784,361,1.956765
784,400,1.897833
784,441,3.080110
784,484,3.131630
784,529,4.732221
784,576,4.900194
784,625,7.196042
784,676,7.529412
784,729,10.577462
784,784,11.371909
841,4,0.010861
841,9,0.012644
841,16,0.014435
841,25,0.022421
841,36,0.025782
841,49,0.045324
841,64,0.050108
841,81,0.096753
841,100,0.101232
841,121,0.190561
841,144,0.194363
841,169,0.369862
841,196,0.359193
841,225,0.667042
841,256,0.658791
841,289,1.128009
841,324,1.149487
841,361,1.935451
841,400,1.916564
841,441,3.106085
841,484,3.125228
841,529,4.813504
841,576,4.888046
841,625,7.114234
841,676,7.422068
841,729,10.515960
841,784,11.291941
841,841,15.393088
900,4,0.010624
900,9,0.012549
900,16,0.014258
900,25,0.021338
900,36,0.024702
900,49,0.043372
900,64,0.049004
900,81,0.096818
900,100,0.102772
900,121,0.191878
900,144,0.196420
900,169,0.374851
900,196,0.362003
900,225,0.662299
900,256,0.641919
900,289,1.142663
900,324,1.162942
900,361,1.918330
900,400,1.906953
900,441,3.089878
900,484,3.152396
900,529,4.775567
900,576,4.870252
900,625,7.104820
900,676,7.361889
900,729,10.620479
900,784,11.252741
900,841,15.679697
900,900,16.656329
961,4,0.010327
961,9,0.012170
961,16,0.013963
961,25,0.021687
961,36,0.025121
961,49,0.044362
961,64,0.049658
961,81,0.096139
961,100,0.102625
961,121,0.192497
961,144,0.195135
961,169,0.363968
961,196,0.361407
961,225,0.674946
961,256,0.653242
961,289,1.134256
961,324,1.170447
961,361,1.933186
961,400,1.931669
961,441,3.097083
961,484,3.129272
961,529,4.782553
961,576,4.819730
961,625,7.192221
961,676,7.518543
961,729,10.728819
961,784,11.385864
961,841,15.428136
961,900,16.189243
961,961,22.163855
1024,4,0.010737
1024,9,0.012750
1024,16,0.014108
1024,25,0.021613
1024,36,0.025330
1024,49,0.043940
1024,64,0.049546
1024,81,0.093493
1024,100,0.101603
1024,121,0.195313
1024,144,0.197891
1024,169,0.362223
1024,196,0.362173
1024,225,0.667978
1024,256,0.640202
1024,289,1.138196
1024,324,1.154546
1024,361,1.918910
1024,400,1.913255
1024,441,3.047464
1024,484,3.104119
1024,529,4.763412
1024,576,4.883457
1024,625,7.211766
1024,676,7.336489
1024,729,10.544623
1024,784,11.224674
1024,841,15.413573
1024,900,16.268710
1024,961,21.670807
1024,1024,23.200083
1089,4,0.010558
1089,9,0.013294
1089,16,0.014283
1089,25,0.021016
1089,36,0.024412
1089,49,0.042989
1089,64,0.049988
1089,81,0.094386
1089,100,0.104498
1089,121,0.196019
1089,144,0.198760
1089,169,0.370545
1089,196,0.360375
1089,225,0.672683
1089,256,0.649495
1089,289,1.129456
1089,324,1.147026
1089,361,1.931364
1089,400,1.935999
1089,441,3.036934
1089,484,3.159838
1089,529,4.746320
1089,576,4.956117
1089,625,7.326328
1089,676,7.701373
1089,729,10.685793
1089,784,11.094970
1089,841,15.715705
1089,900,16.442705
1089,961,22.255647
1089,1024,22.982017
1089,1089,30.723083
1156,4,0.010205
1156,9,0.012910
1156,16,0.014093
1156,25,0.022078
1156,36,0.025225
1156,49,0.044407
1156,64,0.048743
1156,81,0.095784
1156,100,0.103223
1156,121,0.191866
1156,144,0.195120
1156,169,0.376837
1156,196,0.367456
1156,225,0.664189
1156,256,0.648100
1156,289,1.136416
1156,324,1.137860
1156,361,1.924356
1156,400,1.953327
1156,441,3.057267
1156,484,3.158014
1156,529,4.790908
1156,576,4.851438
1156,625,7.250157
1156,676,7.437922
1156,729,10.583729
1156,784,11.156561
1156,841,15.537857
1156,900,16.425414
1156,961,21.699255
1156,1024,23.120595
1156,1089,30.670840
1156,1156,33.383892
1225,4,0.010597
1225,9,0.012472
1225,16,0.013960
1225,25,0.021519
1225,36,0.024787
1225,49,0.043936
1225,64,0.050458
1225,81,0.095830
1225,100,0.102704
1225,121,0.194574
1225,144,0.201580
1225,169,0.371698
1225,196,0.364818
1225,225,0.666770
1225,256,0.657460
1225,289,1.152163
1225,324,1.171394
1225,361,1.940752
1225,400,1.970382
1225,441,3.071003
1225,484,3.162561
1225,529,4.801552
1225,576,4.870719
1225,625,7.285472
1225,676,7.506764
1225,729,10.955783
1225,784,11.289565
1225,841,15.576197
1225,900,16.195326
1225,961,22.179114
1225,1024,22.942588
1225,1089,30.438674
1225,1156,32.928526
1225,1225,42.373791
1296,4,0.010909
1296,9,0.013432
1296,16,0.014566
1296,25,0.021183
1296,36,0.025272
1296,49,0.045557
1296,64,0.048597
1296,81,0.097307
1296,100,0.105400
1296,121,0.192875
1296,144,0.199215
1296,169,0.370437
1296,196,0.362210
1296,225,0.661147
1296,256,0.662915
1296,289,1.118762
1296,324,1.153051
1296,361,1.933345
1296,400,1.923929
1296,441,3.068789
1296,484,3.106125
1296,529,4.796779
1296,576,4.768391
1296,625,7.186795
1296,676,7.449935
1296,729,10.719245
1296,784,11.351887
1296,841,15.556016
1296,900,16.253811
1296,961,21.983570
1296,1024,23.238791
1296,1089,30.935734
1296,1156,32.953350
1296,1225,43.833882
1296,1296,45.491756
1369,4,0.010509
1369,9,0.013349
1369,16,0.014853
1369,25,0.021529
1369,36,0.025836
1369,49,0.043212
1369,64,0.050470
1369,81,0.097450
1369,100,0.105252
1369,121,0.193198
1369,144,0.194123
1369,169,0.371756
1369,196,0.366457
1369,225,0.655717
1369,256,0.653160
1369,289,1.147482
1369,324,1.157512
1369,361,1.949687
1369,400,1.928992
1369,441,3.029846
1369,484,3.109649
1369,529,4.731835
1369,576,4.920389
1369,625,7.207743
1369,676,7.479757
1369,729,10.585598
1369,784,11.064597
1369,841,15.636744
1369,900,16.115026
1369,961,21.963999
1369,1024,23.173247
1369,1089,30.633535
1369,1156,33.350827
1369,1225,42.750415
1369,1296,45.669707
1369,1369,58.015609
1444,4,0.010993
1444,9,0.012614
1444,16,0.014807
1444,25,0.021640
1444,36,0.025663
1444,49,0.045067
1444,64,0.049119
1444,81,0.097158
1444,100,0.106387
1444,121,0.194891
1444,144,0.197360
1444,169,0.368071
1444,196,0.356514
1444,225,0.668886
1444,256,0.652927
1444,289,1.118184
1444,324,1.173057
1444,361,1.934955
1444,400,1.959945
1444,441,3.068064
1444,484,3.134804
1444,529,4.853817
1444,576,4.859063
1444,625,7.180398
1444,676,7.513840
1444,729,10.795850
1444,784,11.272499
1444,841,15.501140
1444,900,16.063075
1444,961,21.736030
1444,1024,23.006156
1444,1089,30.451919
1444,1156,32.823822
1444,1225,42.685395
1444,1296,45.524649
1444,1369,57.158366
1444,1444,61.896488
1521,4,0.010475
1521,9,0.012029
1521,16,0.015218
1521,25,0.021602
1521,36,0.024227
1521,49,0.044025
1521,64,0.049207
1521,81,0.096100
1521,100,0.101619
1521,121,0.189918
1521,144,0.201802
1521,169,0.367977
1521,196,0.366958
1521,225,0.671729
1521,256,0.655996
1521,289,1.130032
1521,324,1.172920
1521,361,1.935767
1521,400,1.939513
1521,441,3.072843
1521,484,3.109042
1521,529,4.766641
1521,576,4.860499
1521,625,7.208303
1521,676,7.520839
1521,729,10.872908
1521,784,11.236750
1521,841,15.622743
1521,900,16.226576
1521,961,22.304175
1521,1024,23.043381
1521,1089,30.277751
1521,1156,33.173175
1521,1225,42.228801
1521,1296,45.442082
1521,1369,57.291673
1521,1444,61.067310
1521,1521,77.578257
1600,4,0.010782
1600,9,0.012059
1600,16,0.014332
1600,25,0.021132
1600,36,0.025231
1600,49,0.044131
1600,64,0.050559
1600,81,0.095986
1600,100,0.101900
1600,121,0.193769
1600,144,0.194978
1600,169,0.367311
1600,196,0.359368
1600,225,0.664486
1600,256,0.641812
1600,289,1.160613
1600,324,1.162167
1600,361,1.952035
1600,400,1.942903
1600,441,3.084705
1600,484,3.111098
1600,529,4.759383
1600,576,4.913746
1600,625,7.226430
1600,676,7.410441
1600,729,10.718940
1600,784,11.367982
1600,841,15.644091
1600,900,16.125309
1600,961,21.850862
1600,1024,23.238041
1600,1089,30.682533
1600,1156,32.839673
1600,1225,42.369607
1600,1296,45.511380
1600,1369,57.657954
1600,1444,61.604407
1600,1521,77.964449
1600,1600,82.955166
1681,4,0.009996
1681,9,0.012773
1681,16,0.014421
1681,25,0.021714
1681,36,0.025995
1681,49,0.044590
1681,64,0.050784
1681,81,0.099517
1681,100,0.102472
1681,121,0.197057
1681,144,0.201804
1681,169,0.378720
1681,196,0.367296
1681,225,0.665560
1681,256,0.670897
1681,289,1.156490
1681,324,1.170106
1681,361,1.963239
1681,400,1.929582
1681,441,3.044201
1681,484,3.102566
1681,529,4.760750
1681,576,4.842588
1681,625,7.382303
1681,676,7.586964
1681,729,10.712700
1681,784,11.010456
1681,841,15.426814
1681,900,16.428664
1681,961,22.034624
1681,1024,22.841674
1681,1089,30.415721
1681,1156,32.895726
1681,1225,42.269151
1681,1296,45.147993
1681,1369,57.168535
1681,1444,60.962348
1681,1521,76.875327
1681,1600,82.944078
1681,1681,103.652584
1764,4,0.010401
1764,9,0.013240
1764,16,0.014412
1764,25,0.021684
1764,36,0.025064
1764,49,0.044686
1764,64,0.049243
1764,81,0.097374
1764,100,0.102248
1764,121,0.194974
1764,144,0.196131
1764,169,0.374827
1764,196,0.369572
1764,225,0.672624
1764,256,0.659293
1764,289,1.132315
1764,324,1.156093
1764,361,1.929001
1764,400,1.927387
1764,441,3.062979
1764,484,3.121759
1764,529,4.765433
1764,576,4.866222
1764,625,7.192094
1764,676,7.544519
1764,729,10.743182
1764,784,11.128793
1764,841,15.542991
1764,900,16.344207
1764,961,22.103243
1764,1024,22.892951
1764,1089,30.600204
1764,1156,33.017985
1764,1225,42.872741
1764,1296,45.880351
1764,1369,58.161252
1764,1444,61.718164
1764,1521,78.567988
1764,1600,83.282873
1764,1681,104.169460
1764,1764,113.506807
1849,4,0.010915
1849,9,0.012082
1849,16,0.014648
1849,25,0.021493
1849,36,0.025120
1849,49,0.043368
1849,64,0.049665
1849,81,0.097865
1849,100,0.104327
1849,121,0.192175
1849,144,0.191809
1849,169,0.374792
1849,196,0.364822
1849,225,0.667525
1849,256,0.651060
1849,289,1.135350
1849,324,1.168410
1849,361,1.954925
1849,400,1.903574
1849,441,3.101831
1849,484,3.141918
1849,529,4.794997
1849,576,4.866771
1849,625,7.062689
1849,676,7.551277
1849,729,10.747967
1849,784,11.154180
1849,841,15.387724
1849,900,16.101297
1849,961,22.125901
1849,1024,23.530854
1849,1089,30.120210
1849,1156,33.061426
1849,1225,43.762211
1849,1296,45.007704
1849,1369,58.259995
1849,1444,60.984942
1849,1521,77.220780
1849,1600,82.070797
1849,1681,103.043325
1849,1764,112.194953
1849,1849,140.049746
1936,4,0.010315
1936,9,0.012996
1936,16,0.014773
1936,25,0.021850
1936,36,0.025120
1936,49,0.042004
1936,64,0.048551
1936,81,0.094948
1936,100,0.102755
1936,121,0.195972
1936,144,0.196760
1936,169,0.369529
1936,196,0.364616
1936,225,0.674434
1936,256,0.644853
1936,289,1.135043
1936,324,1.159291
1936,361,1.945086
1936,400,1.940196
1936,441,3.060424
1936,484,3.153151
1936,529,4.878952
1936,576,4.918618
1936,625,7.187501
1936,676,7.541628
1936,729,10.692712
1936,784,11.186115
1936,841,15.717803
1936,900,16.639236
1936,961,21.957924
1936,1024,23.105491
1936,1089,30.949803
1936,1156,32.749157
1936,1225,41.876873
1936,1296,45.649131
1936,1369,56.343669
1936,1444,60.921615
1936,1521,76.169784
1936,1600,82.896349
1936,1681,103.225713
1936,1764,112.959164
1936,1849,140.926219
1936,1936,151.258599
2025,4,0.010352
2025,9,0.012441
2025,16,0.013764
2025,25,0.021632
2025,36,0.025752
2025,49,0.044868
2025,64,0.049514
2025,81,0.096089
2025,100,0.102337
2025,121,0.190323
2025,144,0.197736
2025,169,0.362158
2025,196,0.360806
2025,225,0.670585
2025,256,0.656077
2025,289,1.139366
2025,324,1.159471
2025,361,1.928130
2025,400,1.918453
2025,441,3.059177
2025,484,3.119676
2025,529,4.776652
2025,576,4.855661
2025,625,7.177726
2025,676,7.437836
2025,729,10.709146
2025,784,11.118329
2025,841,15.155510
2025,900,16.269765
2025,961,22.066459
2025,1024,23.297094
2025,1089,30.202011
2025,1156,33.147115
2025,1225,43.465212
2025,1296,45.493246
2025,1369,57.725658
2025,1444,61.551925
2025,1521,77.341809
2025,1600,82.781356
2025,1681,103.241105
2025,1764,112.398154
2025,1849,139.274929
2025,1936,153.784874
2025,2025,188.182872
2116,4,0.010835
2116,9,0.013595
2116,16,0.014020
2116,25,0.021798
2116,36,0.024998
2116,49,0.044175
2116,64,0.049462
2116,81,0.095726
2116,100,0.103235
2116,121,0.197247
2116,144,0.194007
2116,169,0.376518
2116,196,0.367353
2116,225,0.668831
2116,256,0.650300
2116,289,1.126268
2116,324,1.164451
2116,361,1.939965
2116,400,1.925836
2116,441,3.059092
2116,484,3.149998
2116,529,4.752774
2116,576,4.914179
2116,625,7.191987
2116,676,7.407420
2116,729,10.701958
2116,784,10.985830
2116,841,15.661778
2116,900,16.532850
2116,961,21.515310
2116,1024,23.125764
2116,1089,30.575220
2116,1156,32.887580
2116,1225,42.253210
2116,1296,45.112943
2116,1369,57.444207
2116,1444,62.736625
2116,1521,77.416685
2116,1600,84.198171
2116,1681,102.602418
2116,1764,111.954948
2116,1849,139.262202
2116,1936,151.541657
2116,2025,189.062676
2116,2116,208.619387
2209,4,0.009324
2209,9,0.012326
2209,16,0.014153
2209,25,0.020019
2209,36,0.022542
2209,49,0.040880
2209,64,0.048116
2209,81,0.096423
2209,100,0.104091
2209,121,0.203523
2209,144,0.194598
2209,169,0.368861
2209,196,0.369694
2209,225,0.673886
2209,256,0.657977
2209,289,1.149510
2209,324,1.150486
2209,361,1.944587
2209,400,1.925712
2209,441,3.086656
2209,484,3.074057
2209,529,4.761179
2209,576,4.817483
2209,625,7.193638
2209,676,7.523218
2209,729,10.829485
2209,784,11.251886
2209,841,15.306605
2209,900,16.304804
2209,961,22.254626
2209,1024,23.089514
2209,1089,30.307177
2209,1156,33.017723
2209,1225,42.579641
2209,1296,45.000426
2209,1369,58.493657
2209,1444,61.122580
2209,1521,78.330977
2209,1600,83.921638
2209,1681,103.637841
2209,1764,112.437145
2209,1849,138.890830
2209,1936,151.913410
2209,2025,186.905308
2209,2116,206.962600
2209,2209,249.693422
2304,4,0.010847
2304,9,0.012974
2304,16,0.014202
2304,25,0.021744
2304,36,0.025485
2304,49,0.044509
2304,64,0.050142
2304,81,0.097713
2304,100,0.102650
2304,121,0.193268
2304,144,0.194638
2304,169,0.368867
2304,196,0.364591
2304,225,0.665845
2304,256,0.660281
2304,289,1.159673
2304,324,1.145448
2304,361,1.949552
2304,400,1.923940
2304,441,3.062156
2304,484,3.123914
2304,529,4.715162
2304,576,4.804823
2304,625,7.242573
2304,676,7.573687
2304,729,10.716796
2304,784,11.335911
2304,841,15.543611
2304,900,16.207791
2304,961,22.016684
2304,1024,23.157617
2304,1089,30.267531
2304,1156,33.125839
2304,1225,43.117134
2304,1296,45.339690
2304,1369,58.360010
2304,1444,61.988785
2304,1521,78.518940
2304,1600,81.969011
2304,1681,103.643586
2304,1764,112.850310
2304,1849,137.525144
2304,1936,152.514254
2304,2025,186.087318
2304,2116,209.524745
2304,2209,249.953267
2304,2304,267.554541
2401,4,0.009512
2401,9,0.012811
2401,16,0.013288
2401,25,0.021122
2401,36,0.024718
2401,49,0.043926
2401,64,0.049687
2401,81,0.096968
2401,100,0.100514
2401,121,0.192920
2401,144,0.203414
2401,169,0.368691
2401,196,0.365220
2401,225,0.655876
2401,256,0.657820
2401,289,1.128401
2401,324,1.140902
2401,361,1.954419
2401,400,1.922343
2401,441,3.068962
2401,484,3.084314
2401,529,4.775662
2401,576,4.835986
2401,625,7.239332
2401,676,7.519060
2401,729,10.687734
2401,784,11.090300
2401,841,15.493882
2401,900,16.499394
2401,961,22.259123
2401,1024,23.353036
2401,1089,30.371495
2401,1156,33.509664
2401,1225,42.512604
2401,1296,45.577848
2401,1369,57.108642
2401,1444,61.268458
2401,1521,77.161191
2401,1600,82.941150
2401,1681,102.014570
2401,1764,112.976101
2401,1849,142.485819
2401,1936,155.389450
2401,2025,186.549166
2401,2116,203.823009
2401,2209,245.252073
2401,2304,268.184984
2401,2401,328.879486
2500,4,0.011214
2500,9,0.013281
2500,16,0.014686
2500,25,0.022598
2500,36,0.026753
2500,49,0.043712
2500,64,0.049603
2500,81,0.095181
2500,100,0.102418
2500,121,0.194253
2500,144,0.202166
2500,169,0.369587
2500,196,0.356997
2500,225,0.674881
2500,256,0.648252
2500,289,1.121364
2500,324,1.172719
2500,361,1.942121
2500,400,1.935954
2500,441,3.054023
2500,484,3.113797
2500,529,4.698345
2500,576,4.829555
2500,625,7.174415
2500,676,7.371539
2500,729,10.940586
2500,784,11.149278
2500,841,15.480338
2500,900,16.405264
2500,961,21.987342
2500,1024,23.213748
2500,1089,30.265789
2500,1156,32.637101
2500,1225,42.775395
2500,1296,44.996435
2500,1369,58.167077
2500,1444,61.710353
2500,1521,77.655975
2500,1600,83.751613
2500,1681,102.957998
2500,1764,112.608824
2500,1849,138.064299
2500,1936,152.620362
2500,2025,187.313511
2500,2116,209.386342
2500,2209,247.893918
2500,2304,272.078528
2500,2401,328.354817
2500,2500,357.938078
2601,4,0.009824
2601,9,0.012591
2601,16,0.014410
2601,25,0.021003
2601,36,0.024736
2601,49,0.043415
2601,64,0.050649
2601,81,0.098243
2601,100,0.103188
2601,121,0.197194
2601,144,0.196819
2601,169,0.372896
2601,196,0.363195
2601,225,0.670661
2601,256,0.634995
2601,289,1.123159
2601,324,1.157144
2601,361,1.920116
2601,400,1.910599
2601,441,3.045759
2601,484,3.064037
2601,529,4.760187
2601,576,4.902969
2601,625,7.160152
2601,676,7.471647
2601,729,10.617474
2601,784,10.918686
2601,841,15.524251
2601,900,16.290641
2601,961,21.983375
2601,1024,22.977340
2601,1089,30.730438
2601,1156,32.815179
2601,1225,42.081660
2601,1296,46.025572
2601,1369,57.406793
2601,1444,61.786446
2601,1521,76.819056
2601,1600,84.245065
2601,1681,103.047360
2601,1764,111.955839
2601,1849,139.853056
2601,1936,152.144647
2601,2025,187.673062
2601,2116,206.343199
2601,2209,252.077612
2601,2304,269.158303
2601,2401,324.418141
2601,2500,357.908254
2601,2601,418.270262
2704,4,0.010890
2704,9,0.012880
2704,16,0.014625
2704,25,0.021610
2704,36,0.025389
2704,49,0.044392
2704,64,0.049493
2704,81,0.096766
2704,100,0.103009
2704,121,0.192252
2704,144,0.198360
2704,169,0.371205
2704,196,0.372578
2704,225,0.663336
2704,256,0.648557
2704,289,1.133490
2704,324,1.135952
2704,361,1.923666
2704,400,1.931105
2704,441,3.050687
2704,484,3.105931
2704,529,4.740368
2704,576,4.868675
2704,625,7.171660
2704,676,7.391981
2704,729,10.659981
2704,784,11.198065
2704,841,15.356993
2704,900,16.201327
2704,961,21.954769
2704,1024,23.327187
2704,1089,30.848672
2704,1156,32.986417
2704,1225,43.532505
2704,1296,45.607416
2704,1369,57.730078
2704,1444,62.461501
2704,1521,76.680514
2704,1600,82.702932
2704,1681,102.806682
2704,1764,112.455958
2704,1849,140.779766
2704,1936,152.438384
2704,2025,189.296760
2704,2116,206.961181
2704,2209,250.174145
2704,2304,269.628441
2704,2401,329.551230
2704,2500,354.822839
2704,2601,416.550619
2704,2704,444.673637
2809,4,0.010296
2809,9,0.012973
2809,16,0.014791
2809,25,0.020509
2809,36,0.025069
2809,49,0.043506
2809,64,0.048774
2809,81,0.097704
2809,100,0.104048
2809,121,0.194260
2809,144,0.202323
2809,169,0.366193
2809,196,0.366624
2809,225,0.670278
2809,256,0.649019
2809,289,1.143559
2809,324,1.170022
2809,361,1.961824
2809,400,1.918761
2809,441,2.999603
2809,484,3.059942
2809,529,4.783192
2809,576,4.860974
2809,625,7.252808
2809,676,7.511567
2809,729,10.773914
2809,784,11.207821
2809,841,15.483386
2809,900,16.361944
2809,961,22.059928
2809,1024,22.953459
2809,1089,30.080066
2809,1156,33.160245
2809,1225,42.413092
2809,1296,44.998210
2809,1369,57.606867
2809,1444,61.548926
2809,1521,77.358672
2809,1600,82.990689
2809,1681,104.650600
2809,1764,115.253833
2809,1849,139.290866
2809,1936,152.081624
2809,2025,186.712462
2809,2116,203.648616
2809,2209,250.400003
2809,2304,267.530527
2809,2401,323.463136
2809,2500,353.452468
2809,2601,424.510926
2809,2704,446.767822
2809,2809,532.587002
2916,4,0.010440
2916,9,0.012364
2916,16,0.014411
2916,25,0.021316
2916,36,0.024751
2916,49,0.042980
2916,64,0.048104
2916,81,0.095352
2916,100,0.102691
2916,121,0.197069
2916,144,0.194118
2916,169,0.368128
2916,196,0.362788
2916,225,0.652723
2916,256,0.664193
2916,289,1.139830
2916,324,1.168523
2916,361,1.958978
2916,400,1.921942
2916,441,3.073680
2916,484,3.091341
2916,529,4.748222
2916,576,4.823119
2916,625,7.178324
2916,676,7.316387
2916,729,10.747445
2916,784,11.372893
2916,841,15.442537
2916,900,16.307324
2916,961,22.125104
2916,1024,23.243897
2916,1089,30.374578
2916,1156,33.018752
2916,1225,43.366071
2916,1296,45.028530
2916,1369,57.733544
2916,1444,61.548746
2916,1521,76.889154
2916,1600,83.235211
2916,1681,104.280410
2916,1764,113.871922
2916,1849,139.273754
2916,1936,151.887749
2916,2025,187.631008
2916,2116,206.551100
2916,2209,253.384112
2916,2304,272.053784
2916,2401,326.471957
2916,2500,346.718640
2916,2601,424.133468
2916,2704,450.643778
2916,2809,538.365722
2916,2916,574.783056
3025,4,0.010868
3025,9,0.013139
3025,16,0.014157
3025,25,0.020938
3025,36,0.025298
3025,49,0.044505
3025,64,0.048813
3025,81,0.095709
3025,100,0.105345
3025,121,0.193625
3025,144,0.196967
3025,169,0.369674
3025,196,0.361822
3025,225,0.666950
3025,256,0.643535
3025,289,1.132175
3025,324,1.173986
3025,361,1.956294
3025,400,1.942197
3025,441,3.039271
3025,484,3.137831
3025,529,4.694772
3025,576,4.830666
3025,625,7.128971
3025,676,7.427625
3025,729,10.632549
3025,784,11.061119
3025,841,15.222549
3025,900,16.097004
3025,961,21.889473
3025,1024,22.952939
3025,1089,30.272225
3025,1156,33.592188
3025,1225,42.639372
3025,1296,45.777871
3025,1369,58.654301
3025,1444,61.250599
3025,1521,78.292847
3025,1600,82.259137
3025,1681,103.352700
3025,1764,111.149207
3025,1849,139.461718
3025,1936,152.037269
3025,2025,189.916754
3025,2116,206.318621
3025,2209,251.393774
3025,2304,266.307271
3025,2401,323.106571
3025,2500,360.138764
3025,2601,420.375453
3025,2704,456.064934
3025,2809,541.514285
3025,2916,567.787967
3025,3025,681.969839
3136,4,0.010675
3136,9,0.012895
3136,16,0.014093
3136,25,0.021228
3136,36,0.025516
3136,49,0.043382
3136,64,0.049156
3136,81,0.096934
3136,100,0.104856
3136,121,0.194124
3136,144,0.198947
3136,169,0.368625
3136,196,0.365292
3136,225,0.668176
3136,256,0.645325
3136,289,1.134051
3136,324,1.157313
3136,361,1.919475
3136,400,1.920879
3136,441,3.063725
3136,484,3.089225
3136,529,4.804945
3136,576,4.848840
3136,625,7.299437
3136,676,7.562252
3136,729,10.742658
3136,784,11.090388
3136,841,15.473352
3136,900,16.395765
3136,961,22.064547
3136,1024,22.796599
3136,1089,30.222370
3136,1156,32.868782
3136,1225,42.134268
3136,1296,45.417011
3136,1369,57.833117
3136,1444,61.993338
3136,1521,78.861966
3136,1600,83.374110
3136,1681,103.805076
3136,1764,113.953008
3136,1849,140.206550
3136,1936,150.685668
3136,2025,187.373522
3136,2116,207.215098
3136,2209,253.609054
3136,2304,269.267157
3136,2401,321.043875
3136,2500,358.266334
3136,2601,422.390153
3136,2704,451.010642
3136,2809,538.778624
3136,2916,576.597135
3136,3025,675.274508
3136,3136,714.303222
3249,4,0.010761
3249,9,0.012422
3249,16,0.014480
3249,25,0.021343
3249,36,0.025440
3249,49,0.043921
3249,64,0.049433
3249,81,0.093816
3249,100,0.102461
3249,121,0.192723
3249,144,0.196226
3249,169,0.364008
3249,196,0.360852
3249,225,0.662657
3249,256,0.652243
3249,289,1.136191
3249,324,1.163301
3249,361,1.906509
3249,400,1.889796
3249,441,3.081404
3249,484,3.069037
3249,529,4.686612
3249,576,4.864748
3249,625,7.284896
3249,676,7.415492
3249,729,10.617046
3249,784,11.186645
3249,841,15.516407
3249,900,16.640137
3249,961,21.978089
3249,1024,22.773579
3249,1089,30.716610
3249,1156,33.535423
3249,1225,42.813368
3249,1296,45.899937
3249,1369,57.842532
3249,1444,61.721387
3249,1521,77.512313
3249,1600,82.640143
3249,1681,102.761339
3249,1764,113.108729
3249,1849,140.082326
3249,1936,153.150298
3249,2025,190.868801
3249,2116,206.007571
3249,2209,246.743708
3249,2304,270.403462
3249,2401,325.488357
3249,2500,355.694445
3249,2601,415.826726
3249,2704,452.983900
3249,2809,538.036628
3249,2916,571.869003
3249,3025,676.174661
3249,3136,715.621040
3249,3249,842.777335
3364,4,0.010082
3364,9,0.012890
3364,16,0.013870
3364,25,0.021408
3364,36,0.025018
3364,49,0.044165
3364,64,0.048610
3364,81,0.097608
3364,100,0.107663
3364,121,0.193631
3364,144,0.195865
3364,169,0.371721
3364,196,0.360116
3364,225,0.668096
3364,256,0.661985
3364,289,1.133618
3364,324,1.155176
3364,361,1.933115
3364,400,1.953832
3364,441,3.064745
3364,484,3.122021
3364,529,4.721058
3364,576,4.845899
3364,625,7.173025
3364,676,7.501782
3364,729,10.724865
3364,784,11.232224
3364,841,15.807059
3364,900,16.352571
3364,961,21.737633
3364,1024,23.276740
3364,1089,30.732672
3364,1156,32.758695
3364,1225,43.154733
3364,1296,46.009749
3364,1369,57.530951
3364,1444,61.918839
3364,1521,77.269982
3364,1600,83.106788
3364,1681,103.575505
3364,1764,112.560593
3364,1849,138.621368
3364,1936,154.684474
3364,2025,187.530187
3364,2116,208.539818
3364,2209,252.047440
3364,2304,269.272378
3364,2401,325.498101
3364,2500,356.138249
3364,2601,421.763852
3364,2704,454.835816
3364,2809,535.838587
3364,2916,569.992844
3364,3025,675.370519
3364,3136,719.144420
3364,3249,838.076130
3364,3364,881.563441
3481,4,0.010394
3481,9,0.012348
3481,16,0.014383
3481,25,0.020883
3481,36,0.023981
3481,49,0.042991
3481,64,0.050018
3481,81,0.096849
3481,100,0.103714
3481,121,0.191843
3481,144,0.196026
3481,169,0.372587
3481,196,0.359183
3481,225,0.659373
3481,256,0.648521
3481,289,1.128921
3481,324,1.165878
3481,361,1.936646
3481,400,1.922130
3481,441,3.069074
3481,484,3.144609
3481,529,4.797560
3481,576,4.807891
3481,625,7.155558
3481,676,7.484393
3481,729,10.760416
3481,784,11.281007
3481,841,15.664954
3481,900,16.303967
3481,961,21.927867
3481,1024,23.155343
3481,1089,30.609839
3481,1156,32.827291
3481,1225,42.941581
3481,1296,45.490085
3481,1369,57.341454
3481,1444,61.134996
3481,1521,77.045517
3481,1600,82.575420
3481,1681,105.251536
3481,1764,113.433060
3481,1849,139.526340
3481,1936,154.002411
3481,2025,186.829437
3481,2116,207.529853
3481,2209,251.710157
3481,2304,274.456042
3481,2401,325.620588
3481,2500,356.466394
3481,2601,424.821677
3481,2704,457.004232
3481,2809,535.510724
3481,2916,575.219612
3481,3025,670.213941
3481,3136,720.793869
3481,3249,838.526279
3481,3364,891.582546
3481,3481,1038.433842
3600,4,0.010452
3600,9,0.012736
3600,16,0.014654
3600,25,0.021929
3600,36,0.025277
3600,49,0.044487
3600,64,0.050130
3600,81,0.096880
3600,100,0.103952
3600,121,0.194295
3600,144,0.200252
3600,169,0.375401
3600,196,0.371209
3600,225,0.664201
3600,256,0.644561
3600,289,1.153419
3600,324,1.193904
3600,361,1.916109
3600,400,1.975874
3600,441,3.076264
3600,484,3.118104
3600,529,4.742898
3600,576,4.845420
3600,625,7.219948
3600,676,7.441693
3600,729,10.661963
3600,784,10.993055
3600,841,15.073578
3600,900,16.334063
3600,961,21.694942
3600,1024,22.688431
3600,1089,30.327205
3600,1156,32.765519
3600,1225,42.349048
3600,1296,45.217297
3600,1369,58.171005
3600,1444,61.767667
3600,1521,78.307761
3600,1600,84.324713
3600,1681,103.008789
3600,1764,111.890271
3600,1849,143.398649
3600,1936,154.208720
3600,2025,186.574376
3600,2116,208.638286
3600,2209,251.128474
3600,2304,266.865057
3600,2401,325.174214
3600,2500,353.684289
3600,2601,424.452562
3600,2704,449.599626
3600,2809,535.648547
3600,2916,578.179602
3600,3025,673.232236
3600,3136,716.918205
3600,3249,834.033949
3600,3364,886.786087
3600,3481,1028.530199
3600,3600,1091.546687
3721,4,0.010400
3721,9,0.012563
3721,16,0.014134
3721,25,0.021109
3721,36,0.025395
3721,49,0.045232
3721,64,0.050184
3721,81,0.095295
3721,100,0.105055
3721,121,0.196476
3721,144,0.196775
3721,169,0.362994
3721,196,0.361308
3721,225,0.653283
3721,256,0.645197
3721,289,1.105486
3721,324,1.154984
3721,361,1.918164
3721,400,1.935332
3721,441,3.100791
3721,484,3.168245
3721,529,4.770132
3721,576,4.856335
3721,625,7.280980
3721,676,7.430648
3721,729,10.790461
3721,784,11.336588
3721,841,15.732183
3721,900,16.104345
3721,961,21.708846
3721,1024,23.392918
3721,1089,30.519272
3721,1156,32.809117
3721,1225,42.684228
3721,1296,45.122152
3721,1369,57.300198
3721,1444,62.106381
3721,1521,77.226564
3721,1600,84.475630
3721,1681,105.671293
3721,1764,112.258240
3721,1849,138.964780
3721,1936,152.469102
3721,2025,188.087561
3721,2116,207.080759
3721,2209,253.299619
3721,2304,267.989801
3721,2401,323.485097
3721,2500,353.686743
3721,2601,426.705840
3721,2704,449.022843
3721,2809,536.109355
3721,2916,582.842277
3721,3025,669.989775
3721,3136,720.337195
3721,3249,826.889444
3721,3364,894.250345
3721,3481,1029.789739
3721,3600,1083.224536
3721,3721,1263.337305
3844,4,0.010411
3844,9,0.012376
3844,16,0.014343
3844,25,0.021534
3844,36,0.025690
3844,49,0.043694
3844,64,0.049786
3844,81,0.095628
3844,100,0.104622
3844,121,0.193092
3844,144,0.197333
3844,169,0.370638
3844,196,0.368784
3844,225,0.676647
3844,256,0.659793
3844,289,1.136387
3844,324,1.166063
3844,361,1.917414
3844,400,1.899089
3844,441,3.029725
3844,484,3.126828
3844,529,4.758212
3844,576,4.815015
3844,625,7.290697
3844,676,7.674094
3844,729,10.699591
3844,784,11.289285
3844,841,15.495457
3844,900,16.782065
3844,961,22.471574
3844,1024,23.019532
3844,1089,30.724022
3844,1156,34.099674
3844,1225,42.288630
3844,1296,45.210836
3844,1369,57.714557
3844,1444,61.498875
3844,1521,77.796058
3844,1600,84.669902
3844,1681,104.879016
3844,1764,117.038975
3844,1849,141.903539
3844,1936,153.422113
3844,2025,188.806749
3844,2116,205.220454
3844,2209,249.137534
3844,2304,276.140949
3844,2401,326.215139
3844,2500,348.531315
3844,2601,427.157603
3844,2704,455.096800
3844,2809,537.671873
3844,2916,577.392119
3844,3025,663.907415
3844,3136,720.698936
3844,3249,839.739887
3844,3364,894.307489
3844,3481,1023.245072
3844,3600,1095.088084
3844,3721,1262.082793
3844,3844,1338.182594
3969,4,0.010332
3969,9,0.013093
3969,16,0.015151
3969,25,0.020903
3969,36,0.025474
3969,49,0.043251
3969,64,0.048961
3969,81,0.095970
3969,100,0.102398
3969,121,0.191693
3969,144,0.194724
3969,169,0.371650
3969,196,0.365630
3969,225,0.671324
3969,256,0.659263
3969,289,1.142525
3969,324,1.158023
3969,361,1.972368
3969,400,1.919793
3969,441,3.056820
3969,484,3.116334
3969,529,4.705865
3969,576,4.863361
3969,625,7.197171
3969,676,7.632303
3969,729,10.923245
3969,784,11.040497
3969,841,15.660292
3969,900,16.173079
3969,961,22.151519
3969,1024,23.026909
3969,1089,29.901111
3969,1156,33.297497
3969,1225,42.700091
3969,1296,45.848333
3969,1369,58.654559
3969,1444,61.595437
3969,1521,79.257845
3969,1600,84.650893
3969,1681,104.911825
3969,1764,114.593476
3969,1849,139.512458
3969,1936,154.156326
3969,2025,192.146916
3969,2116,211.545615
3969,2209,251.516462
3969,2304,273.060421
3969,2401,332.485653
3969,2500,358.164139
3969,2601,415.155951
3969,2704,458.022854
3969,2809,540.780116
3969,2916,572.033833
3969,3025,689.590234
3969,3136,717.748097
3969,3249,843.550641
3969,3364,890.005469
3969,3481,1036.151233
3969,3600,1090.115305
3969,3721,1266.773810
3969,3844,1335.989556
3969,3969,1514.815732
4096,4,0.010883
4096,9,0.012581
4096,16,0.014169
4096,25,0.021275
4096,36,0.024497
4096,49,0.043265
4096,64,0.047878
4096,81,0.097372
4096,100,0.103322
4096,121,0.191073
4096,144,0.194022
4096,169,0.367053
4096,196,0.359049
4096,225,0.648067
4096,256,0.636700
4096,289,1.142481
4096,324,1.165659
4096,361,1.956064
4096,400,1.949886
4096,441,3.100145
4096,484,3.157979
4096,529,4.826914
4096,576,4.890057
4096,625,7.230077
4096,676,7.477808
4096,729,10.924314
4096,784,11.266154
4096,841,15.554701
4096,900,16.155156
4096,961,21.727046
4096,1024,23.167748
4096,1089,30.670705
4096,1156,32.658917
4096,1225,43.283067
4096,1296,45.312235
4096,1369,57.403979
4096,1444,61.902582
4096,1521,78.426793
4096,1600,85.933749
4096,1681,105.200035
4096,1764,113.473490
4096,1849,140.519529
4096,1936,155.428093
4096,2025,191.800719
4096,2116,211.308737
4096,2209,260.518741
4096,2304,272.436010
4096,2401,328.239976
4096,2500,355.319467
4096,2601,428.461895
4096,2704,454.286295
4096,2809,544.087214
4096,2916,571.212621
4096,3025,674.602223
4096,3136,722.649295
4096,3249,842.438758
4096,3364,896.052452
4096,3481,1031.023737
4096,3600,1104.024051
4096,3721,1273.729344
4096,3844,1330.054531
4096,3969,1523.607751
4096,4096,1601.109995
4225,4,0.010372
4225,9,0.012950
4225,16,0.013878
4225,25,0.021377
4225,36,0.025419
4225,49,0.043200
4225,64,0.049060
4225,81,0.095609
4225,100,0.101614
4225,121,0.192485
4225,144,0.195485
4225,169,0.368207
4225,196,0.360639
4225,225,0.658754
4225,256,0.649299
4225,289,1.153703
4225,324,1.163346
4225,361,1.922677
4225,400,1.930252
4225,441,3.075639
4225,484,3.147614
4225,529,4.792869
4225,576,4.886898
4225,625,7.244382
4225,676,7.526598
4225,729,10.859715
4225,784,11.365511
4225,841,15.502486
4225,900,16.345623
4225,961,22.053165
4225,1024,23.434774
4225,1089,30.193507
4225,1156,32.790873
4225,1225,43.291558
4225,1296,45.569680
4225,1369,58.138130
4225,1444,61.676030
4225,1521,77.880735
4225,1600,84.588195
4225,1681,105.355121
4225,1764,115.588897
4225,1849,145.055651
4225,1936,154.626985
4225,2025,186.820514
4225,2116,205.538466
4225,2209,251.186301
4225,2304,274.650193
4225,2401,330.568285
4225,2500,351.914469
4225,2601,418.901509
4225,2704,461.323889
4225,2809,529.893034
4225,2916,575.671031
4225,3025,673.406327
4225,3136,715.882697
4225,3249,832.648311
4225,3364,899.502134
4225,3481,1024.391807
4225,3600,1098.339149
4225,3721,1276.729855
4225,3844,1339.596033
4225,3969,1529.798462
4225,4096,1595.688920
4225,4225,1837.918529
4356,4,0.010262
4356,9,0.012367
4356,16,0.014522
4356,25,0.021751
4356,36,0.024976
4356,49,0.043277
4356,64,0.048772
4356,81,0.096548
4356,100,0.101253
4356,121,0.196620
4356,144,0.196886
4356,169,0.369433
4356,196,0.368464
4356,225,0.660512
4356,256,0.653389
4356,289,1.134562
4356,324,1.161654
4356,361,1.944000
4356,400,1.935840
4356,441,3.097326
4356,484,3.141904
4356,529,4.765137
4356,576,4.858866
4356,625,7.209635
4356,676,7.474408
4356,729,10.726031
4356,784,11.337739
4356,841,15.376386
4356,900,16.226361
4356,961,22.073104
4356,1024,23.056838
4356,1089,30.765936
4356,1156,32.963407
4356,1225,43.351939
4356,1296,45.434864
4356,1369,58.173389
4356,1444,62.548384
4356,1521,77.616121
4356,1600,82.841184
4356,1681,104.126713
4356,1764,112.947467
4356,1849,143.015424
4356,1936,155.659607
4356,2025,188.245765
4356,2116,207.699797
4356,2209,249.300393
4356,2304,274.399097
4356,2401,332.880506
4356,2500,354.248264
4356,2601,423.210411
4356,2704,458.567320
4356,2809,532.600031
4356,2916,567.662181
4356,3025,680.771472
4356,3136,717.785233
4356,3249,836.817513
4356,3364,886.684089
4356,3481,1027.550158
4356,3600,1093.760665
4356,3721,1246.369465
4356,3844,1348.199175
4356,3969,1522.624941
4356,4096,1601.881506
4356,4225,1826.587125
4356,4356,1941.080194
4489,4,0.011411
4489,9,0.012420
4489,16,0.013995
4489,25,0.021145
4489,36,0.026578
4489,49,0.044634
4489,64,0.048185
4489,81,0.092937
4489,100,0.105079
4489,121,0.195965
4489,144,0.192988
4489,169,0.364707
4489,196,0.365273
4489,225,0.662097
4489,256,0.647621
4489,289,1.124495
4489,324,1.134490
4489,361,1.951676
4489,400,1.942045
4489,441,3.019286
4489,484,3.140045
4489,529,4.754048
4489,576,4.836287
4489,625,7.167033
4489,676,7.452929
4489,729,10.840423
4489,784,11.202012
4489,841,15.615857
4489,900,16.313612
4489,961,22.082527
4489,1024,23.463776
4489,1089,30.846944
4489,1156,32.916915
4489,1225,42.655248
4489,1296,45.295023
4489,1369,57.905288
4489,1444,61.547511
4489,1521,76.688736
4489,1600,83.585548
4489,1681,105.131890
4489,1764,114.722752
4489,1849,139.418801
4489,1936,154.597742
4489,2025,188.806447
4489,2116,205.710444
4489,2209,248.993731
4489,2304,271.294089
4489,2401,330.003732
4489,2500,351.262040
4489,2601,418.778204
4489,2704,457.414938
4489,2809,534.520583
4489,2916,568.277685
4489,3025,667.781920
4489,3136,718.499034
4489,3249,840.540389
4489,3364,898.677601
4489,3481,1031.813732
4489,3600,1095.580689
4489,3721,1277.919447
4489,3844,1329.654550
4489,3969,1538.791429
4489,4096,1601.907453
4489,4225,1833.457026
4489,4356,1930.004696
4489,4489,2184.030252
4624,4,0.010586
4624,9,0.011971
4624,16,0.013709
4624,25,0.021505
4624,36,0.025588
4624,49,0.043330
4624,64,0.048784
4624,81,0.098592
4624,100,0.106011
4624,121,0.192307
4624,144,0.199599
4624,169,0.373634
4624,196,0.359412
4624,225,0.666028
4624,256,0.656900
4624,289,1.149808
4624,324,1.165688
4624,361,1.932568
4624,400,1.916923
4624,441,3.065706
4624,484,3.094784
4624,529,4.800751
4624,576,4.890339
4624,625,7.234191
4624,676,7.448210
4624,729,10.728934
4624,784,11.268509
4624,841,15.337505
4624,900,16.287233
4624,961,21.874719
4624,1024,22.878016
4624,1089,30.518901
4624,1156,33.106526
4624,1225,42.149508
4624,1296,44.993215
4624,1369,57.476254
4624,1444,61.527043
4624,1521,77.746605
4624,1600,83.539473
4624,1681,103.629239
4624,1764,115.982599
4624,1849,142.096341
4624,1936,154.466821
4624,2025,189.775017
4624,2116,207.062766
4624,2209,251.201519
4624,2304,271.699782
4624,2401,320.896113
4624,2500,353.171251
4624,2601,422.004183
4624,2704,448.110661
4624,2809,534.482849
4624,2916,577.841887
4624,3025,658.760048
4624,3136,724.009706
4624,3249,828.451343
4624,3364,892.502348
4624,3481,1022.482658
4624,3600,1094.706782
4624,3721,1257.804858
4624,3844,1346.756066
4624,3969,1535.271236
4624,4096,1608.442784
4624,4225,1845.779192
4624,4356,1970.788516
4624,4489,2230.188601
4624,4624,2300.831038
4761,4,0.010085
4761,9,0.012487
4761,16,0.013912
4761,25,0.021192
4761,36,0.024485
4761,49,0.042515
4761,64,0.047817
4761,81,0.094675
4761,100,0.102684
4761,121,0.195811
4761,144,0.190741
4761,169,0.368180
4761,196,0.362033
4761,225,0.673241
4761,256,0.652351
4761,289,1.120253
4761,324,1.170643
4761,361,1.906787
4761,400,1.920269
4761,441,3.073772
4761,484,3.073462
4761,529,4.779975
4761,576,4.957353
4761,625,7.257078
4761,676,7.392408
4761,729,10.690437
4761,784,11.103616
4761,841,15.588090
4761,900,16.570746
4761,961,22.346212
4761,1024,22.865212
4761,1089,30.790955
4761,1156,33.607440
4761,1225,42.385843
4761,1296,45.791468
4761,1369,57.394185
4761,1444,61.338687
4761,1521,76.824693
4761,1600,83.584599
4761,1681,105.003338
4761,1764,115.360685
4761,1849,144.664436
4761,1936,155.447926
4761,2025,190.676324
4761,2116,204.327403
4761,2209,249.459327
4761,2304,276.296313
4761,2401,321.962845
4761,2500,352.134512
4761,2601,424.147247
4761,2704,451.231922
4761,2809,532.212800
4761,2916,581.275122
4761,3025,666.811959
4761,3136,722.090341
4761,3249,840.610798
4761,3364,889.469013
4761,3481,1036.349282
4761,3600,1091.975894
4761,3721,1261.320764
4761,3844,1339.510838
4761,3969,1531.531147
4761,4096,1609.722554
4761,4225,1836.919474
4761,4356,1979.103844
4761,4489,2206.373121
4761,4624,2312.212593
4761,4761,2636.815863
4900,4,0.010498
4900,9,0.012391
4900,16,0.013957
4900,25,0.020680
4900,36,0.025279
4900,49,0.041818
4900,64,0.047291
4900,81,0.095668
4900,100,0.103443
4900,121,0.190959
4900,144,0.191549
4900,169,0.367167
4900,196,0.358711
4900,225,0.677028
4900,256,0.644366
4900,289,1.148470
4900,324,1.149038
4900,361,1.935050
4900,400,1.870405
4900,441,3.025094
4900,484,3.108295
4900,529,4.783876
4900,576,4.824034
4900,625,7.284634
4900,676,7.479538
4900,729,10.649404
4900,784,11.084273
4900,841,15.391172
4900,900,16.275099
4900,961,21.916869
4900,1024,22.909039
4900,1089,30.563808
4900,1156,33.265760
4900,1225,42.277511
4900,1296,45.971353
4900,1369,58.207754
4900,1444,61.798757
4900,1521,77.130883
4900,1600,82.229813
4900,1681,103.235539
4900,1764,112.518032
4900,1849,138.859613
4900,1936,153.235523
4900,2025,186.967338
4900,2116,208.919325
4900,2209,248.449799
4900,2304,269.096334
4900,2401,323.669752
4900,2500,359.922588
4900,2601,422.791276
4900,2704,453.517423
4900,2809,535.833232
4900,2916,570.329445
4900,3025,682.075871
4900,3136,711.342844
4900,3249,843.047505
4900,3364,893.100497
4900,3481,1036.945549
4900,3600,1104.682624
4900,3721,1260.031538
4900,3844,1326.394001
4900,3969,1528.106797
4900,4096,1602.385132
4900,4225,1841.843606
4900,4356,1971.168487
4900,4489,2197.128980
4900,4624,2328.163227
4900,4761,2617.308835
4900,4900,2791.905854
5041,4,0.010094
5041,9,0.012583
5041,16,0.013352
5041,25,0.021708
5041,36,0.026376
5041,49,0.044752
5041,64,0.051003
5041,81,0.095342
5041,100,0.102323
5041,121,0.191258
5041,144,0.192850
5041,169,0.369561
5041,196,0.371627
5041,225,0.670082
5041,256,0.656317
5041,289,1.137952
5041,324,1.135829
5041,361,1.933607
5041,400,1.931421
5041,441,3.042043
5041,484,3.145580
5041,529,4.805000
5041,576,4.931169
5041,625,7.171893
5041,676,7.416946
5041,729,10.538478
5041,784,11.117792
5041,841,15.734220
5041,900,16.576163
5041,961,21.755706
5041,1024,22.896321
5041,1089,30.831211
5041,1156,33.406627
5041,1225,42.655992
5041,1296,46.083099
5041,1369,57.439240
5041,1444,62.386192
5041,1521,77.745324
5041,1600,83.324985
5041,1681,103.103674
5041,1764,111.848086
5041,1849,141.400214
5041,1936,157.249880
5041,2025,189.429265
5041,2116,207.430628
5041,2209,250.271142
5041,2304,273.495771
5041,2401,327.380936
5041,2500,352.717063
5041,2601,421.446162
5041,2704,456.241070
5041,2809,533.839514
5041,2916,571.386782
5041,3025,669.457518
5041,3136,716.158724
5041,3249,835.532861
5041,3364,883.536005
5041,3481,1024.865054
5041,3600,1091.288173
5041,3721,1256.515837
5041,3844,1338.832038
5041,3969,1529.400543
5041,4096,1597.861196
5041,4225,1839.675569
5041,4356,1922.903002
5041,4489,2197.991909
5041,4624,2334.270884
5041,4761,2620.061203
5041,4900,2790.422677
5041,5041,3108.144042
5184,4,0.010145
5184,9,0.012775
5184,16,0.014181
5184,25,0.021722
5184,36,0.025518
5184,49,0.043949
5184,64,0.050100
5184,81,0.094921
5184,100,0.103712
5184,121,0.191631
5184,144,0.199349
5184,169,0.368991
5184,196,0.366007
5184,225,0.657406
5184,256,0.640920
5184,289,1.128305
5184,324,1.173339
5184,361,1.909042
5184,400,1.912615
5184,441,3.077469
5184,484,3.126878
5184,529,4.830700
5184,576,4.817684
5184,625,7.021083
5184,676,7.396347
5184,729,10.636950
5184,784,11.269410
5184,841,15.574439
5184,900,16.368734
5184,961,21.895055
5184,1024,23.682581
5184,1089,30.675146
5184,1156,33.316321
5184,1225,43.183738
5184,1296,45.321905
5184,1369,56.987606
5184,1444,61.399742
5184,1521,76.291770
5184,1600,82.258984
5184,1681,103.032759
5184,1764,113.055604
5184,1849,140.689163
5184,1936,155.442795
5184,2025,188.896371
5184,2116,205.157980
5184,2209,246.496038
5184,2304,270.190167
5184,2401,330.016790
5184,2500,351.824747
5184,2601,416.847589
5184,2704,454.532195
5184,2809,535.960244
5184,2916,573.903267
5184,3025,677.025006
5184,3136,719.834740
5184,3249,831.932744
5184,3364,881.072058
5184,3481,1019.499739
5184,3600,1099.979558
5184,3721,1258.530467
5184,3844,1351.894038
5184,3969,1528.619322
5184,4096,1611.250490
5184,4225,1831.582032
5184,4356,1952.402451
5184,4489,2213.360746
5184,4624,2335.187523
5184,4761,2649.420349
5184,4900,2769.153273
5184,5041,3117.624509
5184,5184,3302.154772
5329,4,0.010152
5329,9,0.012486
5329,16,0.013535
5329,25,0.021254
5329,36,0.024490
5329,49,0.042873
5329,64,0.048052
5329,81,0.093933
5329,100,0.101121
5329,121,0.193071
5329,144,0.193540
5329,169,0.372403
5329,196,0.365111
5329,225,0.668147
5329,256,0.646807
5329,289,1.117223
5329,324,1.149694
5329,361,1.926671
5329,400,1.907210
5329,441,3.028900
5329,484,3.107743
5329,529,4.791775
5329,576,4.916352
5329,625,7.233330
5329,676,7.413484
5329,729,10.542980
5329,784,11.146947
5329,841,15.816662
5329,900,16.577063
5329,961,21.893023
5329,1024,23.091086
5329,1089,31.023717
5329,1156,33.118720
5329,1225,42.833212
5329,1296,45.596253
5329,1369,57.163918
5329,1444,61.849550
5329,1521,76.996023
5329,1600,84.543791
5329,1681,102.583574
5329,1764,114.144485
5329,1849,144.035455
5329,1936,156.483787
5329,2025,188.369860
5329,2116,207.577807
5329,2209,249.618770
5329,2304,275.268141
5329,2401,330.347775
5329,2500,358.790168
5329,2601,423.495609
5329,2704,462.047349
5329,2809,533.444969
5329,2916,574.368397
5329,3025,669.863020
5329,3136,718.386343
5329,3249,838.797233
5329,3364,892.325471
5329,3481,1025.741357
5329,3600,1104.246517
5329,3721,1274.870135
5329,3844,1341.956701
5329,3969,1543.400131
5329,4096,1603.315721
5329,4225,1843.837092
5329,4356,1955.882182
5329,4489,2216.944089
5329,4624,2323.364876
5329,4761,2620.390374
5329,4900,2757.993730
5329,5041,3123.871173
5329,5184,3270.796560
5329,5329,3678.351624
5476,4,0.010549
5476,9,0.012406
5476,16,0.014445
5476,25,0.021099
5476,36,0.025583
5476,49,0.042986
5476,64,0.048794
5476,81,0.097085
5476,100,0.106248
5476,121,0.193669
5476,144,0.200437
5476,169,0.378546
5476,196,0.363397
5476,225,0.662409
5476,256,0.643781
5476,289,1.120013
5476,324,1.162786
5476,361,1.933455
5476,400,1.908446
5476,441,3.015831
5476,484,3.119423
5476,529,4.808369
5476,576,4.905650
5476,625,7.221058
5476,676,7.519465
5476,729,10.640977
5476,784,11.127042
5476,841,15.638612
5476,900,16.244126
5476,961,22.012722
5476,1024,22.790012
5476,1089,30.352587
5476,1156,33.161544
5476,1225,42.125169
5476,1296,46.375985
5476,1369,56.997628
5476,1444,61.216339
5476,1521,76.809513
5476,1600,84.456543
5476,1681,103.924023
5476,1764,112.465950
5476,1849,139.938877
5476,1936,152.922450
5476,2025,186.308655
5476,2116,207.135963
5476,2209,252.226037
5476,2304,272.141399
5476,2401,324.690090
5476,2500,359.453711
5476,2601,423.600338
5476,2704,448.797878
5476,2809,534.729229
5476,2916,574.712859
5476,3025,670.806312
5476,3136,726.022175
5476,3249,838.751954
5476,3364,896.651974
5476,3481,1028.100337
5476,3600,1077.297909
5476,3721,1266.391127
5476,3844,1347.940995
5476,3969,1519.165324
5476,4096,1605.227409
5476,4225,1828.411271
5476,4356,1965.277244
5476,4489,2212.315321
5476,4624,2328.884622
5476,4761,2625.280908
5476,4900,2766.261604
5476,5041,3085.680672
5476,5184,3252.130769
5476,5329,3669.521281
5476,5476,3876.244012
5625,4,0.010412
5625,9,0.012192
5625,16,0.013827
5625,25,0.020970
5625,36,0.024811
5625,49,0.042927
5625,64,0.048484
5625,81,0.093679
5625,100,0.101049
5625,121,0.195030
5625,144,0.193662
5625,169,0.376003
5625,196,0.358824
5625,225,0.656084
5625,256,0.650135
5625,289,1.138872
5625,324,1.145419
5625,361,1.944557
5625,400,1.913711
5625,441,3.037364
5625,484,3.128997
5625,529,4.788819
5625,576,4.837927
5625,625,7.314004
5625,676,7.541398
5625,729,10.769645
5625,784,11.073623
5625,841,15.341624
5625,900,16.655752
5625,961,22.492967
5625,1024,23.223880
5625,1089,30.429940
5625,1156,33.386433
5625,1225,42.752189
5625,1296,45.411892
5625,1369,57.469738
5625,1444,60.991836
5625,1521,77.171788
5625,1600,82.589071
5625,1681,102.220185
5625,1764,112.846576
5625,1849,140.173475
5625,1936,156.122946
5625,2025,187.749109
5625,2116,207.485361
5625,2209,251.932192
5625,2304,270.112585
5625,2401,335.636515
5625,2500,349.799770
5625,2601,412.963995
5625,2704,456.662179
5625,2809,533.753016
5625,2916,566.558449
5625,3025,671.979307
5625,3136,720.567225
5625,3249,845.468793
5625,3364,892.308159
5625,3481,1027.387117
5625,3600,1107.849320
5625,3721,1273.099130
5625,3844,1341.444763
5625,3969,1519.743700
5625,4096,1611.696688
5625,4225,1838.860253
5625,4356,1944.814247
5625,4489,2211.750092
5625,4624,2321.235936
5625,4761,2639.034011
5625,4900,2762.930964
5625,5041,3082.983577
5625,5184,3283.762028
5625,5329,3673.824026
5625,5476,3895.610571
5625,5625,4291.398766
5776,4,0.010918
5776,9,0.012359
5776,16,0.014021
5776,25,0.020924
5776,36,0.025120
5776,49,0.043487
5776,64,0.049527
5776,81,0.098057
5776,100,0.107401
5776,121,0.195520
5776,144,0.200019
5776,169,0.371109
5776,196,0.356350
5776,225,0.663663
5776,256,0.655319
5776,289,1.136120
5776,324,1.157364
5776,361,1.926289
5776,400,1.909466
5776,441,3.021078
5776,484,3.136569
5776,529,4.827760
5776,576,4.882907
5776,625,7.288124
5776,676,7.496549
5776,729,10.572528
5776,784,11.165026
5776,841,15.616246
5776,900,16.536682
5776,961,22.065301
5776,1024,23.010110
5776,1089,30.722024
5776,1156,32.908356
5776,1225,41.984910
5776,1296,45.669162
5776,1369,56.965135
5776,1444,61.314935
5776,1521,76.293789
5776,1600,83.794506
5776,1681,103.693813
5776,1764,113.260230
5776,1849,141.650302
5776,1936,153.140473
5776,2025,187.265188
5776,2116,205.089274
5776,2209,251.109821
5776,2304,273.953469
5776,2401,324.191292
5776,2500,355.614689
5776,2601,423.869552
5776,2704,456.261620
5776,2809,534.564797
5776,2916,583.255483
5776,3025,667.475756
5776,3136,720.945148
5776,3249,836.612005
5776,3364,893.527673
5776,3481,1034.743840
5776,3600,1114.174859
5776,3721,1272.833106
5776,3844,1338.348101
5776,3969,1534.268746
5776,4096,1617.569043
5776,4225,1851.652361
5776,4356,1961.103677
5776,4489,2219.118402
5776,4624,2330.293073
5776,4761,2632.821271
5776,4900,2766.579885
5776,5041,3117.868216
5776,5184,3291.916469
5776,5329,3682.180057
5776,5476,3881.128761
5776,5625,4308.645862
5776,5776,4492.819681
5929,4,0.009858
5929,9,0.012215
5929,16,0.014086
5929,25,0.021578
5929,36,0.024902
5929,49,0.042704
5929,64,0.050694
5929,81,0.094164
5929,100,0.099487
5929,121,0.194962
5929,144,0.193587
5929,169,0.369803
5929,196,0.354401
5929,225,0.662708
5929,256,0.675793
5929,289,1.131175
5929,324,1.173654
5929,361,1.935765
5929,400,1.934838
5929,441,3.054032
5929,484,3.135227
5929,529,4.795854
5929,576,4.939471
5929,625,7.337725
5929,676,7.502491
5929,729,10.603415
5929,784,11.309859
5929,841,15.522209
5929,900,16.611104
5929,961,22.137895
5929,1024,23.162637
5929,1089,30.676417
5929,1156,33.146052
5929,1225,42.465282
5929,1296,45.591925
5929,1369,57.606151
5929,1444,61.106794
5929,1521,77.152955
5929,1600,83.615601
5929,1681,103.430560
5929,1764,116.158407
5929,1849,143.210667
5929,1936,154.146724
5929,2025,189.953829
5929,2116,205.308430
5929,2209,250.306883
5929,2304,277.404404
5929,2401,326.414419
5929,2500,358.288408
5929,2601,428.360975
5929,2704,458.981211
5929,2809,532.250875
5929,2916,582.656967
5929,3025,667.469259
5929,3136,724.980594
5929,3249,830.833540
5929,3364,893.238030
5929,3481,1040.893346
5929,3600,1099.834510
5929,3721,1258.594848
5929,3844,1340.023926
5929,3969,1534.308186
5929,4096,1604.928515
5929,4225,1828.482104
5929,4356,1957.401797
5929,4489,2213.370647
5929,4624,2320.111932
5929,4761,2640.098355
5929,4900,2766.028883
5929,5041,3094.301013
5929,5184,3302.001304
5929,5329,3674.114861
5929,5476,3864.144585
5929,5625,4342.896921
5929,5776,4502.003072
5929,5929,5030.516767
6084,4,0.010390
6084,9,0.012324
6084,16,0.014477
6084,25,0.021476
6084,36,0.024835
6084,49,0.044726
6084,64,0.048038
6084,81,0.095899
6084,100,0.105617
6084,121,0.195574
6084,144,0.195826
6084,169,0.371731
6084,196,0.365007
6084,225,0.665917
6084,256,0.675340
6084,289,1.128634
6084,324,1.144320
6084,361,1.917336
6084,400,1.927751
6084,441,3.032338
6084,484,3.089258
6084,529,4.786767
6084,576,4.796503
6084,625,7.454890
6084,676,7.618662
6084,729,10.978940
6084,784,11.318838
6084,841,15.828702
6084,900,16.537995
6084,961,22.208326
6084,1024,23.148791
6084,1089,30.731121
6084,1156,33.501279
6084,1225,42.388335
6084,1296,45.150685
6084,1369,57.315790
6084,1444,61.131974
6084,1521,76.500933
6084,1600,83.482373
6084,1681,104.743512
6084,1764,115.003694
6084,1849,142.854512
6084,1936,155.002494
6084,2025,189.468814
6084,2116,208.778290
6084,2209,250.429719
6084,2304,274.473784
6084,2401,331.559312
6084,2500,353.295329
6084,2601,423.800663
6084,2704,458.197510
6084,2809,538.138405
6084,2916,584.734586
6084,3025,670.450175
6084,3136,735.150753
6084,3249,843.029795
6084,3364,898.357318
6084,3481,1034.255761
6084,3600,1092.345480
6084,3721,1271.584895
6084,3844,1348.467705
6084,3969,1538.275558
6084,4096,1601.524621
6084,4225,1827.212779
6084,4356,1951.723792
6084,4489,2220.224748
6084,4624,2322.043434
6084,4761,2632.455677
6084,4900,2776.833690
6084,5041,3117.546561
6084,5184,3277.525571
6084,5329,3683.615940
6084,5476,3861.951456
6084,5625,4300.792417
6084,5776,4510.558244
6084,5929,5015.676498
6084,6084,5286.160742
6241,4,0.010075
6241,9,0.012404
6241,16,0.014068
6241,25,0.021297
6241,36,0.025198
6241,49,0.043324
6241,64,0.049353
6241,81,0.094123
6241,100,0.101218
6241,121,0.194118
6241,144,0.193743
6241,169,0.372445
6241,196,0.365821
6241,225,0.657078
6241,256,0.653864
6241,289,1.144767
6241,324,1.153459
6241,361,1.957330
6241,400,1.932657
6241,441,3.089847
6241,484,3.101419
6241,529,4.770119
6241,576,4.867924
6241,625,7.181573
6241,676,7.592549
6241,729,10.771935
6241,784,11.290420
6241,841,15.537785
6241,900,16.286206
6241,961,21.769745
6241,1024,22.869908
6241,1089,30.227040
6241,1156,32.433034
6241,1225,42.776843
6241,1296,44.998489
6241,1369,58.396153
6241,1444,61.667108
6241,1521,77.209407
6241,1600,82.111117
6241,1681,105.366547
6241,1764,113.587978
6241,1849,139.145230
6241,1936,152.644770
6241,2025,185.775178
6241,2116,204.307150
6241,2209,253.056814
6241,2304,274.067823
6241,2401,322.788458
6241,2500,348.594854
6241,2601,422.401294
6241,2704,454.626418
6241,2809,533.956224
6241,2916,580.516088
6241,3025,674.935912
6241,3136,725.228903
6241,3249,836.644735
6241,3364,898.250391
6241,3481,1028.707577
6241,3600,1102.781124
6241,3721,1269.476348
6241,3844,1345.448824
6241,3969,1525.390786
6241,4096,1607.368708
6241,4225,1840.341175
6241,4356,1957.794398
6241,4489,2212.486060
6241,4624,2339.819213
6241,4761,2643.592578
6241,4900,2775.504194
6241,5041,3122.407685
6241,5184,3263.195872
6241,5329,3690.541623
6241,5476,3862.365397
6241,5625,4339.198639
6241,5776,4481.383252
6241,5929,5056.212654
6241,6084,5251.537364
6241,6241,5867.294742
6400,4,0.010349
6400,9,0.012672
6400,16,0.015321
6400,25,0.022368
6400,36,0.025007
6400,49,0.044264
6400,64,0.048279
6400,81,0.096536
6400,100,0.105635
6400,121,0.195611
6400,144,0.197596
6400,169,0.380708
6400,196,0.371330
6400,225,0.668954
6400,256,0.677222
6400,289,1.152577
6400,324,1.152296
6400,361,1.948345
6400,400,1.921406
6400,441,3.027652
6400,484,3.111884
6400,529,4.819349
6400,576,4.943578
6400,625,7.169538
6400,676,7.400583
6400,729,10.638911
6400,784,11.113878
6400,841,15.547466
6400,900,16.746363
6400,961,21.726570
6400,1024,23.197339
6400,1089,31.166252
6400,1156,33.229298
6400,1225,42.647354
6400,1296,46.202569
6400,1369,57.145197
6400,1444,61.206892
6400,1521,76.719089
6400,1600,83.537360
6400,1681,103.089569
6400,1764,112.962109
6400,1849,141.941836
6400,1936,154.856015
6400,2025,190.383652
6400,2116,207.575591
6400,2209,249.878084
6400,2304,275.773214
6400,2401,328.925361
6400,2500,353.724297
6400,2601,419.867347
6400,2704,452.579729
6400,2809,536.850838
6400,2916,576.665006
6400,3025,676.865612
6400,3136,713.225468
6400,3249,843.249899
6400,3364,887.807799
6400,3481,1019.741841
6400,3600,1090.781400
6400,3721,1256.410322
6400,3844,1338.901205
6400,3969,1523.193647
6400,4096,1603.196724
6400,4225,1849.876195
6400,4356,1964.908094
6400,4489,2206.120437
6400,4624,2325.525535
6400,4761,2637.151820
6400,4900,2784.611084
6400,5041,3113.618804
6400,5184,3292.936120
6400,5329,3667.396494
6400,5476,3868.232152
6400,5625,4324.747964
6400,5776,4534.900175
6400,5929,5050.139006
6400,6084,5298.773307
6400,6241,5891.896712
6400,6400,6124.671311
